query,expected,got,status,detail
motor vehicles parts advisor,5223.2,5223.2,PASS,
Motor Vehicles Parts Advisor,5223.2,5223.2,PASS,
MOTOR VEHICLES PARTS ADVISOR,5223.2,5223.2,PASS,
mtoor vehicles parts advisor,5223.2,5223.2,PASS,
motorvehicles parts advisor,5223.2,5223.2,PASS,
passport officer,3354.3,3354.3,PASS,
Passport Officer,3354.3,3354.3,PASS,
passport officer,3354.3,3354.3,PASS,
passport ofifcer,3354.3,3354.3,PASS,
passoprt officer,3354.3,3354.3,PASS,
history teacher secondary school,2330.1.8,2330.1.8,PASS,
History Teacher Secondary School,2330.1.8,2330.1.8,PASS,
  history teacher secondary school  ,2330.1.8,2330.1.8,PASS,
history teacher secondary school,2330.1.8,2330.1.8,PASS,
history oeacher secondary school,2330.1.8,2330.1.8,PASS,
ticket issuing clerk,5230.3,5230.3,PASS,
Ticket Issuing Clerk,5230.3,5230.3,PASS,
TICKET ISSUING CLERK,5230.3,5230.3,PASS,
tiicket issuing clerk,5230.3,5230.3,PASS,
ticket issuingclerk,5230.3,5230.3,PASS,
fish and seafood specialised seller,5223.7.16,5223.7.16,PASS,
Fish And Seafood Specialised Seller,5223.7.16,5223.7.16,PASS,
  fish and seafood specialised seller  ,5223.7.16,5223.7.16,PASS,
fish and seafood specialiesd seller,5223.7.16,5223.7.16,PASS,
fish andd seafood specialised seller,5223.7.16,5223.7.16,PASS,
mine rescue officer,5411.1.3,5411.1.3,PASS,
Mine Rescue Officer,5411.1.3,5411.1.3,PASS,
mine rescuue officer,5411.1.3,5411.1.3,PASS,
Mine Rescue Officer,5411.1.3,5411.1.3,PASS,
  mine rescue officer  ,5411.1.3,5411.1.3,PASS,
further education teacher,2359.9,2359.9,PASS,
Further Education Teacher,2359.9,2359.9,PASS,
further education teaccher,2359.9,2359.9,PASS,
further education teacher,2359.9,2359.9,PASS,
  further education teacher  ,2359.9,2359.9,PASS,
cable jointer,7413.1.1,7413.1.1,PASS,
Cable Jointer,7413.1.1,7413.1.1,PASS,
cable jointre,7413.1.1,7413.1.1,PASS,
CABLE JOINTER,7413.1.1,7413.1.1,PASS,
cable jointer,7413.1.1,7413.1.1,PASS,
wholesale merchant in textile industry machinery,3324.4.30,3324.4.30,PASS,
Wholesale Merchant In Textile Industry Machinery,3324.4.30,3324.4.30,PASS,
wholesale merchnat in textile industry machinery,3324.4.30,3324.4.30,PASS,
wholesale merchant n textile industry machinery,3324.4.30,3324.4.30,PASS,
WHOLESALE MERCHANT IN TEXTILE INDUSTRY MACHINERY,3324.4.30,3324.4.30,PASS,
bookshop manager,1420.4.8,1420.4.8,PASS,
Bookshop Manager,1420.4.8,1420.4.8,PASS,
bookkshop manager,1420.4.8,1420.4.8,PASS,
BOOKSHOP MANAGER,1420.4.8,1420.4.8,PASS,
bookshop  manager,1420.4.8,1420.4.8,PASS,
metal planer operator,7223.12,7223.12,PASS,
Metal Planer Operator,7223.12,7223.12,PASS,
metal lpaner operator,7223.12,7223.12,PASS,
  metal planer operator  ,7223.12,7223.12,PASS,
metal laner operator,7223.12,7223.12,PASS,
ammunition assembler,8219.1,8219.1,PASS,
Ammunition Assembler,8219.1,8219.1,PASS,
ammunitino assembler,8219.1,8219.1,PASS,
Ammunition Assembler,8219.1,8219.1,PASS,
ammunition assembler,8219.1,8219.1,PASS,
electronics production supervisor,3122.4.5,3122.4.5,PASS,
Electronics Production Supervisor,3122.4.5,3122.4.5,PASS,
electronics prroduction supervisor,3122.4.5,3122.4.5,PASS,
  electronics production supervisor  ,3122.4.5,3122.4.5,PASS,
ELECTRONICS PRODUCTION SUPERVISOR,3122.4.5,3122.4.5,PASS,
antique furniture reproducer,7522.1,7522.1,PASS,
Antique Furniture Reproducer,7522.1,7522.1,PASS,
Antique Furniture Reproducer,7522.1,7522.1,PASS,
antique  furniture reproducer,7522.1,7522.1,PASS,
antique furniture reproducer,7522.1,7522.1,PASS,
tax advisor,2411.1.12,2411.1.12,PASS,
Tax Advisor,2411.1.12,2411.1.12,PASS,
Tax Advisor,2411.1.12,2411.1.12,PASS,
  tax advisor  ,2411.1.12,2411.1.12,PASS,
tax adviisor,2411.1.12,2411.1.12,PASS,
basketmaker,7317.2,7317.2,PASS,
Basketmaker,7317.2,7317.2,PASS,
bayketmaker,7317.2,7317.2,PASS,
BASKETMAKER,7317.2,7317.2,PASS,
basketmakr,7317.2,7317.2,PASS,
frame maker,7115.7,7115.7,PASS,
Frame Maker,7115.7,7115.7,PASS,
frae maker,7115.7,7115.7,PASS,
frmae maker,7115.7,7115.7,PASS,
frame maker,7115.7,7115.7,PASS,
road roller operator,8342.7,8342.7,PASS,
Road Roller Operator,8342.7,8342.7,PASS,
Road Roller Operator,8342.7,8342.7,PASS,
  road roller operator  ,8342.7,8342.7,PASS,
road roller operatoor,8342.7,8342.7,PASS,
advertising manager,1222.1.1,1222.1.1,PASS,
Advertising Manager,1222.1.1,1222.1.1,PASS,
  advertising manager  ,1222.1.1,1222.1.1,PASS,
advertosing manager,1222.1.1,1222.1.1,PASS,
advertising manager,1222.1.1,1222.1.1,PASS,
electrical drafter,3118.3.6,3118.3.6,PASS,
Electrical Drafter,3118.3.6,3118.3.6,PASS,
Electrical Drafter,3118.3.6,3118.3.6,PASS,
  electrical drafter  ,3118.3.6,3118.3.6,PASS,
elecrical drafter,3118.3.6,3118.3.6,PASS,
aircraft engine tester,3115.1.3,3115.1.3,PASS,
Aircraft Engine Tester,3115.1.3,3115.1.3,PASS,
aircraft engine teter,3115.1.3,3115.1.3,PASS,
aircraft engine testre,3115.1.3,3115.1.3,PASS,
AIRCRAFT ENGINE TESTER,3115.1.3,3115.1.3,PASS,
moving truck driver,8332.7,8332.7,PASS,
Moving Truck Driver,8332.7,8332.7,PASS,
moving truck driver,8332.7,8332.7,PASS,
moving trucck driver,8332.7,8332.7,PASS,
MOVING TRUCK DRIVER,8332.7,8332.7,PASS,
engineering lecturer,2310.1.16,2310.1.16,PASS,
Engineering Lecturer,2310.1.16,2310.1.16,PASS,
engineering lecturer,2310.1.16,2310.1.16,PASS,
enineering lecturer,2310.1.16,2310.1.16,PASS,
engineering lectruer,2310.1.16,2310.1.16,PASS,
"import export manager in fish, crustaceans and molluscs",1324.3.2.12,1324.3.2.12,PASS,
"Import Export Manager In Fish, Crustaceans And Molluscs",1324.3.2.12,1324.3.2.12,PASS,
"import exort manager in fish, crustaceans and molluscs",1324.3.2.12,1324.3.2.12,PASS,
"IMPORT EXPORT MANAGER IN FISH, CRUSTACEANS AND MOLLUSCS",1324.3.2.12,1324.3.2.12,PASS,
"import export manager in fish, crustfceans and molluscs",1324.3.2.12,1324.3.2.12,PASS,
cartographer,2165.2,2165.2,PASS,
Cartographer,2165.2,2165.2,PASS,
cartographer,2165.2,2165.2,PASS,
  cartographer  ,2165.2,2165.2,PASS,
Cartographer,2165.2,2165.2,PASS,
honey extractor,8160.38,8160.38,PASS,
Honey Extractor,8160.38,8160.38,PASS,
hohey extractor,8160.38,8160.38,PASS,
HONEY EXTRACTOR,8160.38,8160.38,PASS,
  honey extractor  ,8160.38,8160.38,PASS,
asset manager,3311.1,3311.1,PASS,
Asset Manager,3311.1,3311.1,PASS,
  asset manager  ,3311.1,3311.1,PASS,
asset manaer,3311.1,3311.1,PASS,
asset managre,3311.1,3311.1,PASS,
offset printer,7322.5,7322.5,PASS,
Offset Printer,7322.5,7322.5,PASS,
offset printer,7322.5,7322.5,PASS,
offse printer,7322.5,7322.5,PASS,
Offset Printer,7322.5,7322.5,PASS,
sewing machine operator,8153.1,8153.1,PASS,
Sewing Machine Operator,8153.1,8153.1,PASS,
sewing machine opertor,8153.1,8153.1,PASS,
  sewing machine operator  ,8153.1,8153.1,PASS,
Sewing Machine Operator,8153.1,8153.1,PASS,
motor vehicle parts assembler,8211.5.3,8211.5.3,PASS,
Motor Vehicle Parts Assembler,8211.5.3,8211.5.3,PASS,
moto vehicle parts assembler,8211.5.3,8211.5.3,PASS,
motor vehicle parts assembler,8211.5.3,8211.5.3,PASS,
motor vehicle parts asesmbler,8211.5.3,8211.5.3,PASS,
tennis coach,3422.4.7,3422.4.7,PASS,
Tennis Coach,3422.4.7,3422.4.7,PASS,
  tennis coach  ,3422.4.7,3422.4.7,PASS,
TENNIS COACH,3422.4.7,3422.4.7,PASS,
tennis ocach,3422.4.7,3422.4.7,PASS,
language school teacher,2353.1,2353.1,PASS,
Language School Teacher,2353.1,2353.1,PASS,
language school teacher,2353.1,2353.1,PASS,
languuage school teacher,2353.1,2353.1,PASS,
Language School Teacher,2353.1,2353.1,PASS,
instrument technician,7312.2,7312.2,PASS,
Instrument Technician,7312.2,7312.2,PASS,
instrnment technician,7312.2,7312.2,PASS,
  instrument technician  ,7312.2,7312.2,PASS,
instrument technician,7312.2,7312.2,PASS,
product assembly inspector,7543.7,7543.7,PASS,
Product Assembly Inspector,7543.7,7543.7,PASS,
product assembly inspcetor,7543.7,7543.7,PASS,
product assembly idspector,7543.7,7543.7,PASS,
  product assembly inspector  ,7543.7,7543.7,PASS,
metal furnace operator,3135.1,3135.1,PASS,
Metal Furnace Operator,3135.1,3135.1,PASS,
metal urnace operator,3135.1,3135.1,PASS,
METAL FURNACE OPERATOR,3135.1,3135.1,PASS,
Metal Furnace Operator,3135.1,3135.1,PASS,
goldsmith,7313.1.2,7313.1.2,PASS,
Goldsmith,7313.1.2,7313.1.2,PASS,
godlsmith,7313.1.2,,404_UNEXPECTED,
goldsmith,7313.1.2,7313.1.2,PASS,
GOLDSMITH,7313.1.2,7313.1.2,PASS,
music therapist,2269.9.4,2269.9.4,PASS,
Music Therapist,2269.9.4,2269.9.4,PASS,
  music therapist  ,2269.9.4,2269.9.4,PASS,
Music Therapist,2269.9.4,2269.9.4,PASS,
MUSIC THERAPIST,2269.9.4,2269.9.4,PASS,
sustainability manager,1213.8,1213.8,PASS,
Sustainability Manager,1213.8,1213.8,PASS,
SUSTAINABILITY MANAGER,1213.8,1213.8,PASS,
  sustainability manager  ,1213.8,1213.8,PASS,
sustainabiltiy manager,1213.8,1213.8,PASS,
employment agent,3333.1,3333.1,PASS,
Employment Agent,3333.1,3333.1,PASS,
employment agetn,3333.1,3333.1,PASS,
  employment agent  ,3333.1,3333.1,PASS,
employment agent,3333.1,3333.1,PASS,
concrete pump operator,8332.3,8332.3,PASS,
Concrete Pump Operator,8332.3,8332.3,PASS,
CONCRETE PUMP OPERATOR,8332.3,8332.3,PASS,
concretep ump operator,8332.3,8332.3,PASS,
concsete pump operator,8332.3,8332.3,PASS,
paperhanger supervisor,3123.1.15,3123.1.15,PASS,
Paperhanger Supervisor,3123.1.15,3123.1.15,PASS,
PAPERHANGER SUPERVISOR,3123.1.15,3123.1.15,PASS,
paperhanger supervior,3123.1.15,3123.1.15,PASS,
paperhanger supervisro,3123.1.15,3123.1.15,PASS,
"wholesale merchant in mining, construction and civil engineering machinery",3324.4.24,3324.4.24,PASS,
"Wholesale Merchant In Mining, Construction And Civil Engineering Machinery",3324.4.24,3324.4.24,PASS,
"wholesale merchant in mining, constructio and civil engineering machinery",3324.4.24,3324.4.24,PASS,
"Wholesale Merchant In Mining, Construction And Civil Engineering Machinery",3324.4.24,3324.4.24,PASS,
"wholesale merchant in mining, consttruction and civil engineering machinery",3324.4.24,3324.4.24,PASS,
machinery assembly supervisor,3122.3.4,3122.3.4,PASS,
Machinery Assembly Supervisor,3122.3.4,3122.3.4,PASS,
machinery assembly superviisor,3122.3.4,3122.3.4,PASS,
  machinery assembly supervisor  ,3122.3.4,3122.3.4,PASS,
MACHINERY ASSEMBLY SUPERVISOR,3122.3.4,3122.3.4,PASS,
boxing instructor,3422.4.1,3422.4.1,PASS,
Boxing Instructor,3422.4.1,3422.4.1,PASS,
bxoing instructor,3422.4.1,3422.4.1,PASS,
BOXING INSTRUCTOR,3422.4.1,3422.4.1,PASS,
  boxing instructor  ,3422.4.1,3422.4.1,PASS,
pyrotechnic designer,3435.19,3435.19,PASS,
Pyrotechnic Designer,3435.19,3435.19,PASS,
PYROTECHNIC DESIGNER,3435.19,3435.19,PASS,
pyrotechnic designer,3435.19,3435.19,PASS,
Pyrotechnic Designer,3435.19,3435.19,PASS,
auger press operator,8181.1,8181.1,PASS,
Auger Press Operator,8181.1,8181.1,PASS,
auger ppress operator,8181.1,8181.1,PASS,
AUGER PRESS OPERATOR,8181.1,8181.1,PASS,
auger press perator,8181.1,8181.1,PASS,
hospital social worker,2635.3.16,2635.3.16,PASS,
Hospital Social Worker,2635.3.16,2635.3.16,PASS,
Hospital Social Worker,2635.3.16,2635.3.16,PASS,
hospital social wokrer,2635.3.16,2635.3.16,PASS,
  hospital social worker  ,2635.3.16,2635.3.16,PASS,
ship duty engineer,3151.4,3151.4,PASS,
Ship Duty Engineer,3151.4,3151.4,PASS,
ship dutty engineer,3151.4,3151.4,PASS,
Ship Duty Engineer,3151.4,3151.4,PASS,
ship duty engineer,3151.4,3151.4,PASS,
bookkeeper,3313.2,3313.2,PASS,
Bookkeeper,3313.2,3313.2,PASS,
boookkeeper,3313.2,3313.2,PASS,
Bookkeeper,3313.2,3313.2,PASS,
bookkkeeper,3313.2,3313.2,PASS,
printing textile technician,7322.7,7322.7,PASS,
Printing Textile Technician,7322.7,7322.7,PASS,
printing bextile technician,7322.7,7322.7,PASS,
PRINTING TEXTILE TECHNICIAN,7322.7,7322.7,PASS,
printing textile technician,7322.7,7322.7,PASS,
accounting manager,1211.1.1,1211.1.1,PASS,
Accounting Manager,1211.1.1,1211.1.1,PASS,
accounting manaer,1211.1.1,1211.1.1,PASS,
ACCOUNTING MANAGER,1211.1.1,1211.1.1,PASS,
  accounting manager  ,1211.1.1,1211.1.1,PASS,
brew house operator,8160.7,8160.7,PASS,
Brew House Operator,8160.7,8160.7,PASS,
brew house opeator,8160.7,8160.7,PASS,
brew ohuse operator,8160.7,8160.7,PASS,
brew house operator,8160.7,8160.7,PASS,
fisheries assistant engineer,7233.3,7233.3,PASS,
Fisheries Assistant Engineer,7233.3,7233.3,PASS,
FISHERIES ASSISTANT ENGINEER,7233.3,7233.3,PASS,
Fisheries Assistant Engineer,7233.3,7233.3,PASS,
fiheries assistant engineer,7233.3,7233.3,PASS,
coffee grinder,8160.22,8160.22,PASS,
Coffee Grinder,8160.22,8160.22,PASS,
COFFEE GRINDER,8160.22,8160.22,PASS,
Coffee Grinder,8160.22,8160.22,PASS,
coffee griner,8160.22,8160.22,PASS,
starch converting operator,8160.50,8160.50,PASS,
Starch Converting Operator,8160.50,8160.50,PASS,
starch cnverting operator,8160.50,8160.50,PASS,
starchconverting operator,8160.50,8160.50,PASS,
starch converting operator,8160.50,8160.50,PASS,
import export specialist in pharmaceutical goods,3331.2.1.28,3331.2.1.28,PASS,
Import Export Specialist In Pharmaceutical Goods,3331.2.1.28,3331.2.1.28,PASS,
import export specalist in pharmaceutical goods,3331.2.1.28,3331.2.1.28,PASS,
import export specialist in pharmaceutical goods,3331.2.1.28,3331.2.1.28,PASS,
IMPORT EXPORT SPECIALIST IN PHARMACEUTICAL GOODS,3331.2.1.28,3331.2.1.28,PASS,
rolling stock inspector,3115.1.21,3115.1.21,PASS,
Rolling Stock Inspector,3115.1.21,3115.1.21,PASS,
ROLLING STOCK INSPECTOR,3115.1.21,3115.1.21,PASS,
Rolling Stock Inspector,3115.1.21,3115.1.21,PASS,
rollingstock inspector,3115.1.21,3115.1.21,PASS,
musician,2652.3,2652.3,PASS,
Musician,2652.3,2652.3,PASS,
muician,2652.3,2652.3,PASS,
Musician,2652.3,2652.3,PASS,
  musician  ,2652.3,2652.3,PASS,
laundry ironer,8157.1.1,8157.1.1,PASS,
Laundry Ironer,8157.1.1,8157.1.1,PASS,
laundyr ironer,8157.1.1,8157.1.1,PASS,
laundryironer,8157.1.1,8157.1.1,PASS,
LAUNDRY IRONER,8157.1.1,8157.1.1,PASS,
audiology equipment shop manager,1420.4.4,1420.4.4,PASS,
Audiology Equipment Shop Manager,1420.4.4,1420.4.4,PASS,
AUDIOLOGY EQUIPMENT SHOP MANAGER,1420.4.4,1420.4.4,PASS,
  audiology equipment shop manager  ,1420.4.4,1420.4.4,PASS,
auudiology equipment shop manager,1420.4.4,1420.4.4,PASS,
soap drier operator,8131.19.2,8131.19.2,PASS,
Soap Drier Operator,8131.19.2,8131.19.2,PASS,
  soap drier operator  ,8131.19.2,8131.19.2,PASS,
soap drier operator,8131.19.2,8131.19.2,PASS,
soapd rier operator,8131.19.2,8131.19.2,PASS,
election observer,2619.5,2619.5,PASS,
Election Observer,2619.5,2619.5,PASS,
electixn observer,2619.5,2619.5,PASS,
electio nobserver,2619.5,2619.5,PASS,
  election observer  ,2619.5,2619.5,PASS,
vineyard machinery operator,6112.5,6112.5,PASS,
Vineyard Machinery Operator,6112.5,6112.5,PASS,
VINEYARD MACHINERY OPERATOR,6112.5,6112.5,PASS,
vineyard machinery opertaor,6112.5,6112.5,PASS,
  vineyard machinery operator  ,6112.5,6112.5,PASS,
textile machine operator,8152.2,8152.2,PASS,
Textile Machine Operator,8152.2,8152.2,PASS,
textile machine operator,8152.2,8152.2,PASS,
textile machne operator,8152.2,8152.2,PASS,
Textile Machine Operator,8152.2,8152.2,PASS,
medicine lecturer,2310.1.25,,CRASH,Out of range float values are not JSON compliant: nan
Medicine Lecturer,2310.1.25,,CRASH,Out of range float values are not JSON compliant: nan
  medicine lecturer  ,2310.1.25,,CRASH,Out of range float values are not JSON compliant: nan
medicine leccturer,2310.1.25,,CRASH,Out of range float values are not JSON compliant: nan
MEDICINE LECTURER,2310.1.25,,CRASH,Out of range float values are not JSON compliant: nan
import export specialist in office furniture,3331.2.1.25,3331.2.1.25,PASS,
Import Export Specialist In Office Furniture,3331.2.1.25,3331.2.1.25,PASS,
import export specialist in  office furniture,3331.2.1.25,3331.2.1.25,PASS,
  import export specialist in office furniture  ,3331.2.1.25,3331.2.1.25,PASS,
import export specialist inn office furniture,3331.2.1.25,3331.2.1.25,PASS,
insurance agency manager,1346.4,1346.4,PASS,
Insurance Agency Manager,1346.4,1346.4,PASS,
insurance agency managmr,1346.4,1346.4,PASS,
Insurance Agency Manager,1346.4,1346.4,PASS,
  insurance agency manager  ,1346.4,1346.4,PASS,
mine development engineer,2146.6,2146.6,PASS,
Mine Development Engineer,2146.6,2146.6,PASS,
mine developmeent engineer,2146.6,2146.6,PASS,
mine development engineer,2146.6,2146.6,PASS,
mine develpoment engineer,2146.6,2146.6,PASS,
meat and meat products specialised seller,5223.7.23,5223.7.23,PASS,
Meat And Meat Products Specialised Seller,5223.7.23,5223.7.23,PASS,
MEAT AND MEAT PRODUCTS SPECIALISED SELLER,5223.7.23,5223.7.23,PASS,
meat and meat products specialised selter,5223.7.23,5223.7.23,PASS,
meat and meat products specialiised seller,5223.7.23,5223.7.23,PASS,
import export manager,1324.3.2,1324.3.2,PASS,
Import Export Manager,1324.3.2,1324.3.2,PASS,
import exprot manager,1324.3.2,1324.3.2,PASS,
Import Export Manager,1324.3.2,1324.3.2,PASS,
import export manger,1324.3.2,1324.3.2,PASS,
stand-in,3435.23,3435.23,PASS,
Stand-In,3435.23,3435.23,PASS,
sttand-in,3435.23,3435.23,PASS,
stand-n,3435.23,3435.23,PASS,
staand-in,3435.23,3435.23,PASS,
ship pilot dispatcher,4323.15,4323.15,PASS,
Ship Pilot Dispatcher,4323.15,4323.15,PASS,
ship ilot dispatcher,4323.15,4323.15,PASS,
ship pilot dispacher,4323.15,4323.15,PASS,
shpi pilot dispatcher,4323.15,4323.15,PASS,
secondary school head teacher,1345.1.8,1345.1.8,PASS,
Secondary School Head Teacher,1345.1.8,1345.1.8,PASS,
secondary school headsteacher,1345.1.8,1345.1.8,PASS,
  secondary school head teacher  ,1345.1.8,1345.1.8,PASS,
Secondary School Head Teacher,1345.1.8,1345.1.8,PASS,
education programme coordinator,1345.1.3,1345.1.3,PASS,
Education Programme Coordinator,1345.1.3,1345.1.3,PASS,
  education programme coordinator  ,1345.1.3,1345.1.3,PASS,
education programme coordinatro,1345.1.3,1345.1.3,PASS,
education programme coordniator,1345.1.3,1345.1.3,PASS,
textile finishing machine operator,8154.4,8154.4,PASS,
Textile Finishing Machine Operator,8154.4,8154.4,PASS,
textile finishifg machine operator,8154.4,8154.4,PASS,
TEXTILE FINISHING MACHINE OPERATOR,8154.4,8154.4,PASS,
  textile finishing machine operator  ,8154.4,8154.4,PASS,
food and beverage packaging technologist,2141.2,2141.2,PASS,
Food And Beverage Packaging Technologist,2141.2,2141.2,PASS,
food and zeverage packaging technologist,2141.2,2141.2,PASS,
Food And Beverage Packaging Technologist,2141.2,2141.2,PASS,
food and beverage packaging technologist,2141.2,2141.2,PASS,
drama teacher,2355.4,2355.4,PASS,
Drama Teacher,2355.4,2355.4,PASS,
  drama teacher  ,2355.4,2355.4,PASS,
DRAMA TEACHER,2355.4,2355.4,PASS,
drama teacher,2355.4,2355.4,PASS,
tourist animator,2659.4,2659.4,PASS,
Tourist Animator,2659.4,2659.4,PASS,
tourist animattor,2659.4,2659.4,PASS,
Tourist Animator,2659.4,2659.4,PASS,
  tourist animator  ,2659.4,2659.4,PASS,
prepress technician,7321.1,7321.1,PASS,
Prepress Technician,7321.1,7321.1,PASS,
prepress tcehnician,7321.1,7321.1,PASS,
  prepress technician  ,7321.1,7321.1,PASS,
PREPRESS TECHNICIAN,7321.1,7321.1,PASS,
leather goods product development manager,1223.2.1.4,1223.2.1.4,PASS,
Leather Goods Product Development Manager,1223.2.1.4,1223.2.1.4,PASS,
Leather Goods Product Development Manager,1223.2.1.4,1223.2.1.4,PASS,
leather gowds product development manager,1223.2.1.4,1223.2.1.4,PASS,
leather goods poduct development manager,1223.2.1.4,1223.2.1.4,PASS,
hydrographic surveyor,2165.4.1,2165.4.1,PASS,
Hydrographic Surveyor,2165.4.1,2165.4.1,PASS,
hydrographic skrveyor,2165.4.1,2165.4.1,PASS,
hydrographic sbrveyor,2165.4.1,2165.4.1,PASS,
HYDROGRAPHIC SURVEYOR,2165.4.1,2165.4.1,PASS,
business and marketing vocational teacher,2320.1.7,2320.1.7,PASS,
Business And Marketing Vocational Teacher,2320.1.7,2320.1.7,PASS,
business and marketing vocational teacher,2320.1.7,2320.1.7,PASS,
BUSINESS AND MARKETING VOCATIONAL TEACHER,2320.1.7,2320.1.7,PASS,
Business And Marketing Vocational Teacher,2320.1.7,2320.1.7,PASS,
gunsmith,7222.2,7222.2,PASS,
Gunsmith,7222.2,7222.2,PASS,
  gunsmith  ,7222.2,7222.2,PASS,
gunsmith,7222.2,7222.2,PASS,
gunsaith,7222.2,,404_UNEXPECTED,
process metallurgist,2146.5.2,2146.5.2,PASS,
Process Metallurgist,2146.5.2,2146.5.2,PASS,
  process metallurgist  ,2146.5.2,2146.5.2,PASS,
process metalluraist,2146.5.2,2146.5.2,PASS,
process metallurist,2146.5.2,2146.5.2,PASS,
secretary,4120.1,4120.1,PASS,
Secretary,4120.1,4120.1,PASS,
setretary,4120.1,,404_UNEXPECTED,
  secretary  ,4120.1,4120.1,PASS,
SECRETARY,4120.1,4120.1,PASS,
astronomer,2111.1,2111.1,PASS,
Astronomer,2111.1,2111.1,PASS,
  astronomer  ,2111.1,2111.1,PASS,
Astronomer,2111.1,2111.1,PASS,
asrtonomer,2111.1,2111.1,PASS,
photography teacher,2355.5,2355.5,PASS,
Photography Teacher,2355.5,2355.5,PASS,
photography teacher,2355.5,2355.5,PASS,
Photography Teacher,2355.5,2355.5,PASS,
PHOTOGRAPHY TEACHER,2355.5,2355.5,PASS,
water-based aquaculture worker,9216.4,9216.4,PASS,
Water-Based Aquaculture Worker,9216.4,9216.4,PASS,
Water-Based Aquaculture Worker,9216.4,9216.4,PASS,
water-bascd aquaculture worker,9216.4,9216.4,PASS,
  water-based aquaculture worker  ,9216.4,9216.4,PASS,
linguistics lecturer,2310.1.23,2310.1.23,PASS,
Linguistics Lecturer,2310.1.23,2310.1.23,PASS,
lxnguistics lecturer,2310.1.23,2310.1.23,PASS,
linguistics elcturer,2310.1.23,2310.1.23,PASS,
linuistics lecturer,2310.1.23,2310.1.23,PASS,
delicatessen shop manager,1420.4.16,1420.4.16,PASS,
Delicatessen Shop Manager,1420.4.16,1420.4.16,PASS,
delicatssen shop manager,1420.4.16,1420.4.16,PASS,
DELICATESSEN SHOP MANAGER,1420.4.16,1420.4.16,PASS,
delicatessen shop manager,1420.4.16,1420.4.16,PASS,
investment fund management assistant,2412.6.2,2412.6.2,PASS,
Investment Fund Management Assistant,2412.6.2,2412.6.2,PASS,
investment fund anagement assistant,2412.6.2,2412.6.2,PASS,
investment fund management assitant,2412.6.2,2412.6.2,PASS,
Investment Fund Management Assistant,2412.6.2,2412.6.2,PASS,
optical disc moulding machine operator,8142.7.1,8142.7.1,PASS,
Optical Disc Moulding Machine Operator,8142.7.1,8142.7.1,PASS,
OPTICAL DISC MOULDING MACHINE OPERATOR,8142.7.1,8142.7.1,PASS,
optical discc moulding machine operator,8142.7.1,8142.7.1,PASS,
Optical Disc Moulding Machine Operator,8142.7.1,8142.7.1,PASS,
domestic appliances specialised seller,5223.7.14,5223.7.14,PASS,
Domestic Appliances Specialised Seller,5223.7.14,5223.7.14,PASS,
DOMESTIC APPLIANCES SPECIALISED SELLER,5223.7.14,5223.7.14,PASS,
Domestic Appliances Specialised Seller,5223.7.14,5223.7.14,PASS,
domestic appliances speciawised seller,5223.7.14,5223.7.14,PASS,
ICT network technician,3513.2,,404_UNEXPECTED,
Ict Network Technician,3513.2,,404_UNEXPECTED,
ICT NETWORK TECHNICIAN,3513.2,,404_UNEXPECTED,
ICT etwork technician,3513.2,,404_UNEXPECTED,
ict network technician,3513.2,,404_UNEXPECTED,
equality and inclusion manager,1212.2.1,1212.2.1,PASS,
Equality And Inclusion Manager,1212.2.1,1212.2.1,PASS,
  equality and inclusion manager  ,1212.2.1,1212.2.1,PASS,
equality and inclusionlmanager,1212.2.1,1212.2.1,PASS,
equality and inclusion mangaer,1212.2.1,1212.2.1,PASS,
benefits advice worker,2635.3.1,2635.3.1,PASS,
Benefits Advice Worker,2635.3.1,2635.3.1,PASS,
BENEFITS ADVICE WORKER,2635.3.1,2635.3.1,PASS,
benefits advice worker,2635.3.1,2635.3.1,PASS,
beenefits advice worker,2635.3.1,2635.3.1,PASS,
groundsman/groundswoman,6113.1,6113.1,PASS,
Groundsman/Groundswoman,6113.1,6113.1,PASS,
GROUNDSMAN/GROUNDSWOMAN,6113.1,6113.1,PASS,
groundsman/groundwoman,6113.1,6113.1,PASS,
Groundsman/Groundswoman,6113.1,6113.1,PASS,
technical sales representative in office machinery and equipment,2433.6.6,2433.6.6,PASS,
Technical Sales Representative In Office Machinery And Equipment,2433.6.6,2433.6.6,PASS,
technical sales representative in office machinery and equipment,2433.6.6,2433.6.6,PASS,
technical sales repressentative in office machinery and equipment,2433.6.6,2433.6.6,PASS,
technical sales representativenin office machinery and equipment,2433.6.6,2433.6.6,PASS,
education policy officer,2422.12.4,2422.12.4,PASS,
Education Policy Officer,2422.12.4,2422.12.4,PASS,
eduation policy officer,2422.12.4,2422.12.4,PASS,
  education policy officer  ,2422.12.4,2422.12.4,PASS,
Education Policy Officer,2422.12.4,2422.12.4,PASS,
fiberglass laminator,8142.4,8142.4,PASS,
Fiberglass Laminator,8142.4,8142.4,PASS,
Fiberglass Laminator,8142.4,8142.4,PASS,
  fiberglass laminator  ,8142.4,8142.4,PASS,
fibergllss laminator,8142.4,8142.4,PASS,
move manager,1324.4,1324.4,PASS,
Move Manager,1324.4,1324.4,PASS,
move manager,1324.4,1324.4,PASS,
  move manager  ,1324.4,1324.4,PASS,
move maanager,1324.4,1324.4,PASS,
"import export specialist in mining, construction, civil engineering machinery",3331.2.1.24,3331.2.1.24,PASS,
"Import Export Specialist In Mining, Construction, Civil Engineering Machinery",3331.2.1.24,3331.2.1.24,PASS,
"Import Export Specialist In Mining, Construction, Civil Engineering Machinery",3331.2.1.24,3331.2.1.24,PASS,
"  import export specialist in mining, construction, civil engineering machinery  ",3331.2.1.24,3331.2.1.24,PASS,
"import export specialist in mining, construction, civil engineering machinery",3331.2.1.24,3331.2.1.24,PASS,
hospitality establishment receptionist,4224.1,4224.1,PASS,
Hospitality Establishment Receptionist,4224.1,4224.1,PASS,
HOSPITALITY ESTABLISHMENT RECEPTIONIST,4224.1,4224.1,PASS,
hospitality establishment receptionist,4224.1,4224.1,PASS,
hospitality establishment reczptionist,4224.1,4224.1,PASS,
armoured car driver,8322.1,8322.1,PASS,
Armoured Car Driver,8322.1,8322.1,PASS,
armouredjcar driver,8322.1,8322.1,PASS,
  armoured car driver  ,8322.1,8322.1,PASS,
armoured car driver,8322.1,8322.1,PASS,
import export manager in office machinery and equipment,1324.3.2.26,1324.3.2.26,PASS,
Import Export Manager In Office Machinery And Equipment,1324.3.2.26,1324.3.2.26,PASS,
import export manager in office  machinery and equipment,1324.3.2.26,1324.3.2.26,PASS,
Import Export Manager In Office Machinery And Equipment,1324.3.2.26,1324.3.2.26,PASS,
import export manager inn office machinery and equipment,1324.3.2.26,1324.3.2.26,PASS,
colour sampling operator,8155.1.1,8155.1.1,PASS,
Colour Sampling Operator,8155.1.1,8155.1.1,PASS,
colour sampling operator,8155.1.1,8155.1.1,PASS,
COLOUR SAMPLING OPERATOR,8155.1.1,8155.1.1,PASS,
colour asmpling operator,8155.1.1,8155.1.1,PASS,
railway infrastructure inspector,3112.9,3112.9,PASS,
Railway Infrastructure Inspector,3112.9,3112.9,PASS,
railwayinfrastructure inspector,3112.9,3112.9,PASS,
  railway infrastructure inspector  ,3112.9,3112.9,PASS,
railway infrastructure inspector,3112.9,3112.9,PASS,
rolling stock engineering drafter,3118.3.13,3118.3.13,PASS,
Rolling Stock Engineering Drafter,3118.3.13,3118.3.13,PASS,
rolliing stock engineering drafter,3118.3.13,3118.3.13,PASS,
ROLLING STOCK ENGINEERING DRAFTER,3118.3.13,3118.3.13,PASS,
  rolling stock engineering drafter  ,3118.3.13,3118.3.13,PASS,
title closer,3334.2.1,3334.2.1,PASS,
Title Closer,3334.2.1,3334.2.1,PASS,
  title closer  ,3334.2.1,3334.2.1,PASS,
title loser,3334.2.1,3334.2.1,PASS,
title closer,3334.2.1,3334.2.1,PASS,
football coach,3422.3.1,3422.3.1,PASS,
Football Coach,3422.3.1,3422.3.1,PASS,
Football Coach,3422.3.1,3422.3.1,PASS,
football coach,3422.3.1,3422.3.1,PASS,
FOOTBALL COACH,3422.3.1,3422.3.1,PASS,
wholesale merchant in live animals,3324.4.19,3324.4.19,PASS,
Wholesale Merchant In Live Animals,3324.4.19,3324.4.19,PASS,
wholesale merchant in live animaals,3324.4.19,3324.4.19,PASS,
Wholesale Merchant In Live Animals,3324.4.19,3324.4.19,PASS,
  wholesale merchant in live animals  ,3324.4.19,3324.4.19,PASS,
rental service representative in recreational and sports goods,5249.2.2.1,5249.2.2.1,PASS,
Rental Service Representative In Recreational And Sports Goods,5249.2.2.1,5249.2.2.1,PASS,
rental service representative in recreational and sports goods,5249.2.2.1,5249.2.2.1,PASS,
rentl service representative in recreational and sports goods,5249.2.2.1,5249.2.2.1,PASS,
rental scrvice representative in recreational and sports goods,5249.2.2.1,5249.2.2.1,PASS,
second-hand shop manager,1420.4.37,1420.4.37,PASS,
Second-Hand Shop Manager,1420.4.37,1420.4.37,PASS,
secon-dhand shop manager,1420.4.37,1420.4.37,PASS,
second-hand shop maager,1420.4.37,1420.4.37,PASS,
Second-Hand Shop Manager,1420.4.37,1420.4.37,PASS,
car leasing agent,5223.1,5223.1,PASS,
Car Leasing Agent,5223.1,5223.1,PASS,
CAR LEASING AGENT,5223.1,5223.1,PASS,
car leasint agent,5223.1,5223.1,PASS,
carr leasing agent,5223.1,5223.1,PASS,
vehicle maintenance attendant,7231.8,7231.8,PASS,
Vehicle Maintenance Attendant,7231.8,7231.8,PASS,
Vehicle Maintenance Attendant,7231.8,7231.8,PASS,
VEHICLE MAINTENANCE ATTENDANT,7231.8,7231.8,PASS,
vehicle maintenance attenant,7231.8,7231.8,PASS,
miller,8160.45,8160.45,PASS,
Miller,8160.45,8160.45,PASS,
mliler,8160.45,,404_UNEXPECTED,
  miller  ,8160.45,8160.45,PASS,
miller,8160.45,8160.45,PASS,
vessel engine assembler,8211.7,8211.7,PASS,
Vessel Engine Assembler,8211.7,8211.7,PASS,
VESSEL ENGINE ASSEMBLER,8211.7,8211.7,PASS,
vessel engine assebler,8211.7,8211.7,PASS,
vesssel engine assembler,8211.7,8211.7,PASS,
plastic products assembler,8219.9,8219.9,PASS,
Plastic Products Assembler,8219.9,8219.9,PASS,
plastic products assembler,8219.9,8219.9,PASS,
Plastic Products Assembler,8219.9,8219.9,PASS,
plastic producst assembler,8219.9,8219.9,PASS,
bulk filler,8160.8,8160.8,PASS,
Bulk Filler,8160.8,8160.8,PASS,
Bulk Filler,8160.8,8160.8,PASS,
  bulk filler  ,8160.8,8160.8,PASS,
bulk iller,8160.8,8160.8,PASS,
subtitler,2643.6.2,2643.6.2,PASS,
Subtitler,2643.6.2,2643.6.2,PASS,
subttler,2643.6.2,2643.6.2,PASS,
subtitelr,2643.6.2,,404_UNEXPECTED,
SUBTITLER,2643.6.2,2643.6.2,PASS,
vessel steering instructor,5165.2,5165.2,PASS,
Vessel Steering Instructor,5165.2,5165.2,PASS,
vessel steering instrctor,5165.2,5165.2,PASS,
VESSEL STEERING INSTRUCTOR,5165.2,5165.2,PASS,
vessel stering instructor,5165.2,5165.2,PASS,
economic adviser,2631.2.2,2631.2.2,PASS,
Economic Adviser,2631.2.2,2631.2.2,PASS,
Economic Adviser,2631.2.2,2631.2.2,PASS,
  economic adviser  ,2631.2.2,2631.2.2,PASS,
economic adviser,2631.2.2,2631.2.2,PASS,
fluid power engineer,2144.1.7,2144.1.7,PASS,
Fluid Power Engineer,2144.1.7,2144.1.7,PASS,
fluid power engiineer,2144.1.7,2144.1.7,PASS,
fluid power engineer,2144.1.7,2144.1.7,PASS,
fluid power enngineer,2144.1.7,2144.1.7,PASS,
radiation protection officer,2263.5,2263.5,PASS,
Radiation Protection Officer,2263.5,2263.5,PASS,
radiation protectiion officer,2263.5,2263.5,PASS,
radiation protcetion officer,2263.5,2263.5,PASS,
Radiation Protection Officer,2263.5,2263.5,PASS,
corporate social responsibility manager,1219.2,1219.2,PASS,
Corporate Social Responsibility Manager,1219.2,1219.2,PASS,
corporate socia lresponsibility manager,1219.2,1219.2,PASS,
CORPORATE SOCIAL RESPONSIBILITY MANAGER,1219.2,1219.2,PASS,
  corporate social responsibility manager  ,1219.2,1219.2,PASS,
clothing CAD patternmaker,7532.1,,404_UNEXPECTED,
Clothing Cad Patternmaker,7532.1,,404_UNEXPECTED,
  clothing CAD patternmaker  ,7532.1,,404_UNEXPECTED,
clothing cad patternmaker,7532.1,,404_UNEXPECTED,
clothing CAD patturnmaker,7532.1,,404_UNEXPECTED,
ammunition specialised seller,5223.7.1,5223.7.1,PASS,
Ammunition Specialised Seller,5223.7.1,5223.7.1,PASS,
Ammunition Specialised Seller,5223.7.1,5223.7.1,PASS,
ammunition speccialised seller,5223.7.1,5223.7.1,PASS,
ammunition specialisep seller,5223.7.1,5223.7.1,PASS,
pet and pet food shop manager,1420.4.34,1420.4.34,PASS,
Pet And Pet Food Shop Manager,1420.4.34,1420.4.34,PASS,
PET AND PET FOOD SHOP MANAGER,1420.4.34,1420.4.34,PASS,
pet and pet  food shop manager,1420.4.34,1420.4.34,PASS,
Pet And Pet Food Shop Manager,1420.4.34,1420.4.34,PASS,
typesetter,7321.1.6,7321.1.6,PASS,
Typesetter,7321.1.6,7321.1.6,PASS,
TYPESETTER,7321.1.6,7321.1.6,PASS,
Typesetter,7321.1.6,7321.1.6,PASS,
topesetter,7321.1.6,7321.1.6,PASS,
furniture restorer,7522.6,7522.6,PASS,
Furniture Restorer,7522.6,7522.6,PASS,
fugniture restorer,7522.6,7522.6,PASS,
furniture restoerr,7522.6,7522.6,PASS,
  furniture restorer  ,7522.6,7522.6,PASS,
chocolatier,7512.2,7512.2,PASS,
Chocolatier,7512.2,7512.2,PASS,
chocolatiier,7512.2,7512.2,PASS,
  chocolatier  ,7512.2,7512.2,PASS,
chocolatieer,7512.2,7512.2,PASS,
shipbroker,3324.1.1,3324.1.1,PASS,
Shipbroker,3324.1.1,3324.1.1,PASS,
shipboker,3324.1.1,3324.1.1,PASS,
SHIPBROKER,3324.1.1,3324.1.1,PASS,
Shipbroker,3324.1.1,3324.1.1,PASS,
monk/nun,3413.1,3413.1,PASS,
Monk/Nun,3413.1,3413.1,PASS,
  monk/nun  ,3413.1,3413.1,PASS,
monk/unn,3413.1,,404_UNEXPECTED,
MONK/NUN,3413.1,3413.1,PASS,
greaser,7233.6,7233.6,PASS,
Greaser,7233.6,7233.6,PASS,
greaser,7233.6,7233.6,PASS,
GREASER,7233.6,7233.6,PASS,
greaesr,7233.6,,404_UNEXPECTED,
electrical mechanic,7412.3,7412.3,PASS,
Electrical Mechanic,7412.3,7412.3,PASS,
electrical mechhanic,7412.3,7412.3,PASS,
ELECTRICAL MECHANIC,7412.3,7412.3,PASS,
electmical mechanic,7412.3,7412.3,PASS,
deck officer,3152.1,3152.1,PASS,
Deck Officer,3152.1,3152.1,PASS,
Deck Officer,3152.1,3152.1,PASS,
deck officer,3152.1,3152.1,PASS,
  deck officer  ,3152.1,3152.1,PASS,
real estate leasing manager,3334.4,3334.4,PASS,
Real Estate Leasing Manager,3334.4,3334.4,PASS,
real estate leasinng manager,3334.4,3334.4,PASS,
real estate leasing managger,3334.4,3334.4,PASS,
real estate leasing manager,3334.4,3334.4,PASS,
sewerage systems manager,1321.2.4,1321.2.4,PASS,
Sewerage Systems Manager,1321.2.4,1321.2.4,PASS,
seweroge systems manager,1321.2.4,1321.2.4,PASS,
sewerage syskems manager,1321.2.4,1321.2.4,PASS,
SEWERAGE SYSTEMS MANAGER,1321.2.4,1321.2.4,PASS,
electrical household appliances distribution manager,1324.3.1.6.10,1324.3.1.6.10,PASS,
Electrical Household Appliances Distribution Manager,1324.3.1.6.10,1324.3.1.6.10,PASS,
ELECTRICAL HOUSEHOLD APPLIANCES DISTRIBUTION MANAGER,1324.3.1.6.10,1324.3.1.6.10,PASS,
electrical household appliancek distribution manager,1324.3.1.6.10,1324.3.1.6.10,PASS,
electrical household appliances distribution manager,1324.3.1.6.10,1324.3.1.6.10,PASS,
sorter labourer,9612.2,9612.2,PASS,
Sorter Labourer,9612.2,9612.2,PASS,
sortyr labourer,9612.2,9612.2,PASS,
skrter labourer,9612.2,9612.2,PASS,
Sorter Labourer,9612.2,9612.2,PASS,
mechatronics engineering technician,3115.1.11,3115.1.11,PASS,
Mechatronics Engineering Technician,3115.1.11,3115.1.11,PASS,
MECHATRONICS ENGINEERING TECHNICIAN,3115.1.11,3115.1.11,PASS,
mechatronics engineering technician,3115.1.11,3115.1.11,PASS,
  mechatronics engineering technician  ,3115.1.11,3115.1.11,PASS,
mechanical forging press worker,7221.4,7221.4,PASS,
Mechanical Forging Press Worker,7221.4,7221.4,PASS,
mechqnical forging press worker,7221.4,7221.4,PASS,
Mechanical Forging Press Worker,7221.4,7221.4,PASS,
  mechanical forging press worker  ,7221.4,7221.4,PASS,
import export manager in china and other glassware,1324.3.2.5,1324.3.2.5,PASS,
Import Export Manager In China And Other Glassware,1324.3.2.5,1324.3.2.5,PASS,
import export manager in china and other glassware,1324.3.2.5,1324.3.2.5,PASS,
IMPORT EXPORT MANAGER IN CHINA AND OTHER GLASSWARE,1324.3.2.5,1324.3.2.5,PASS,
import export manager in chna and other glassware,1324.3.2.5,1324.3.2.5,PASS,
textile chemist,2113.1.6,2113.1.6,PASS,
Textile Chemist,2113.1.6,2113.1.6,PASS,
Textile Chemist,2113.1.6,2113.1.6,PASS,
  textile chemist  ,2113.1.6,2113.1.6,PASS,
textile cheemist,2113.1.6,2113.1.6,PASS,
aquaculture quality supervisor,3142.1.1,3142.1.1,PASS,
Aquaculture Quality Supervisor,3142.1.1,3142.1.1,PASS,
aquaculture quality supervisoor,3142.1.1,3142.1.1,PASS,
AQUACULTURE QUALITY SUPERVISOR,3142.1.1,3142.1.1,PASS,
aquaculture quality supervisrr,3142.1.1,3142.1.1,PASS,
well-digger,8113.9,8113.9,PASS,
Well-Digger,8113.9,8113.9,PASS,
weyl-digger,8113.9,8113.9,PASS,
wel-digger,8113.9,8113.9,PASS,
WELL-DIGGER,8113.9,8113.9,PASS,
surface engineer,2141.4.3,2141.4.3,PASS,
Surface Engineer,2141.4.3,2141.4.3,PASS,
surface engineer,2141.4.3,2141.4.3,PASS,
suurface engineer,2141.4.3,2141.4.3,PASS,
Surface Engineer,2141.4.3,2141.4.3,PASS,
wholesale merchant in tobacco products,3324.4.32,3324.4.32,PASS,
Wholesale Merchant In Tobacco Products,3324.4.32,3324.4.32,PASS,
  wholesale merchant in tobacco products  ,3324.4.32,3324.4.32,PASS,
wholesale merchant int obacco products,3324.4.32,3324.4.32,PASS,
Wholesale Merchant In Tobacco Products,3324.4.32,3324.4.32,PASS,
theatre technician,3435.25,3435.25,PASS,
Theatre Technician,3435.25,3435.25,PASS,
theatrf technician,3435.25,3435.25,PASS,
thetre technician,3435.25,3435.25,PASS,
Theatre Technician,3435.25,3435.25,PASS,
printed circuit board assembler,8212.3.5,8212.3.5,PASS,
Printed Circuit Board Assembler,8212.3.5,8212.3.5,PASS,
printed circuit oard assembler,8212.3.5,8212.3.5,PASS,
PRINTED CIRCUIT BOARD ASSEMBLER,8212.3.5,8212.3.5,PASS,
printed ircuit board assembler,8212.3.5,8212.3.5,PASS,
cosmetics and perfume shop manager,1420.4.14,1420.4.14,PASS,
Cosmetics And Perfume Shop Manager,1420.4.14,1420.4.14,PASS,
  cosmetics and perfume shop manager  ,1420.4.14,1420.4.14,PASS,
COSMETICS AND PERFUME SHOP MANAGER,1420.4.14,1420.4.14,PASS,
coosmetics and perfume shop manager,1420.4.14,1420.4.14,PASS,
mine control room operator,8131.11,8131.11,PASS,
Mine Control Room Operator,8131.11,8131.11,PASS,
mine control room operator,8131.11,8131.11,PASS,
mine control room operrator,8131.11,8131.11,PASS,
  mine control room operator  ,8131.11,8131.11,PASS,
rolling stock engineering technician,3115.1.18,3115.1.18,PASS,
Rolling Stock Engineering Technician,3115.1.18,3115.1.18,PASS,
Rolling Stock Engineering Technician,3115.1.18,3115.1.18,PASS,
rolling stock  engineering technician,3115.1.18,3115.1.18,PASS,
rolling stock engineering techndcian,3115.1.18,3115.1.18,PASS,
sports journalist,2642.1.16,2642.1.16,PASS,
Sports Journalist,2642.1.16,2642.1.16,PASS,
sports journaalist,2642.1.16,2642.1.16,PASS,
sports jourrnalist,2642.1.16,2642.1.16,PASS,
SPORTS JOURNALIST,2642.1.16,2642.1.16,PASS,
community development social worker,2635.3.5,2635.3.5,PASS,
Community Development Social Worker,2635.3.5,2635.3.5,PASS,
Community Development Social Worker,2635.3.5,2635.3.5,PASS,
community development social worekr,2635.3.5,2635.3.5,PASS,
community developmant social worker,2635.3.5,2635.3.5,PASS,
relocation officer,3339.6,3339.6,PASS,
Relocation Officer,3339.6,3339.6,PASS,
reloation officer,3339.6,3339.6,PASS,
  relocation officer  ,3339.6,3339.6,PASS,
RELOCATION OFFICER,3339.6,3339.6,PASS,
import export manager in pharmaceutical goods,1324.3.2.28,1324.3.2.28,PASS,
Import Export Manager In Pharmaceutical Goods,1324.3.2.28,1324.3.2.28,PASS,
Import Export Manager In Pharmaceutical Goods,1324.3.2.28,1324.3.2.28,PASS,
import expport manager in pharmaceutical goods,1324.3.2.28,1324.3.2.28,PASS,
import export manager in pharmaceutical goods,1324.3.2.28,1324.3.2.28,PASS,
electromechanical engineering technician,3113.1.2,3113.1.2,PASS,
Electromechanical Engineering Technician,3113.1.2,3113.1.2,PASS,
  electromechanical engineering technician  ,3113.1.2,3113.1.2,PASS,
electromechanical egnineering technician,3113.1.2,3113.1.2,PASS,
ELECTROMECHANICAL ENGINEERING TECHNICIAN,3113.1.2,3113.1.2,PASS,
first aid instructor,3253.1.1,3253.1.1,PASS,
First Aid Instructor,3253.1.1,3253.1.1,PASS,
first aid instructor,3253.1.1,3253.1.1,PASS,
first aaid instructor,3253.1.1,3253.1.1,PASS,
First Aid Instructor,3253.1.1,3253.1.1,PASS,
chief marketing officer,1221.3,1221.3,PASS,
Chief Marketing Officer,1221.3,1221.3,PASS,
  chief marketing officer  ,1221.3,1221.3,PASS,
chief marketing officer,1221.3,1221.3,PASS,
chief marketting officer,1221.3,1221.3,PASS,
embassy counsellor,1112.3.2,1112.3.2,PASS,
Embassy Counsellor,1112.3.2,1112.3.2,PASS,
  embassy counsellor  ,1112.3.2,1112.3.2,PASS,
EMBASSY COUNSELLOR,1112.3.2,1112.3.2,PASS,
embassy counsllor,1112.3.2,1112.3.2,PASS,
made-up textile articles manufacturer,7533.4,7533.4,PASS,
Made-Up Textile Articles Manufacturer,7533.4,7533.4,PASS,
made-up textile arrticles manufacturer,7533.4,7533.4,PASS,
Made-Up Textile Articles Manufacturer,7533.4,7533.4,PASS,
  made-up textile articles manufacturer  ,7533.4,7533.4,PASS,
land planner,2164.1,2164.1,PASS,
Land Planner,2164.1,2164.1,PASS,
  land planner  ,2164.1,2164.1,PASS,
land planner,2164.1,2164.1,PASS,
land planer,2164.1,2164.1,PASS,
import export manager in beverages,1324.3.2.3,1324.3.2.3,PASS,
Import Export Manager In Beverages,1324.3.2.3,1324.3.2.3,PASS,
import export maanager in beverages,1324.3.2.3,1324.3.2.3,PASS,
  import export manager in beverages  ,1324.3.2.3,1324.3.2.3,PASS,
Import Export Manager In Beverages,1324.3.2.3,1324.3.2.3,PASS,
avionics inspector,3114.1.1,3114.1.1,PASS,
Avionics Inspector,3114.1.1,3114.1.1,PASS,
avionics inspector,3114.1.1,3114.1.1,PASS,
  avionics inspector  ,3114.1.1,3114.1.1,PASS,
avionics inspectoor,3114.1.1,3114.1.1,PASS,
research engineer,2149.2.8,,CRASH,Out of range float values are not JSON compliant: nan
Research Engineer,2149.2.8,,CRASH,Out of range float values are not JSON compliant: nan
  research engineer  ,2149.2.8,,CRASH,Out of range float values are not JSON compliant: nan
reesarch engineer,2149.2.8,,CRASH,Out of range float values are not JSON compliant: nan
research enginer,2149.2.8,,CRASH,Out of range float values are not JSON compliant: nan
career guidance advisor,2423.1,2423.1,PASS,
Career Guidance Advisor,2423.1,2423.1,PASS,
Career Guidance Advisor,2423.1,2423.1,PASS,
career guidavce advisor,2423.1,2423.1,PASS,
  career guidance advisor  ,2423.1,2423.1,PASS,
optomechanical engineer,2144.1.15,2144.1.15,PASS,
Optomechanical Engineer,2144.1.15,2144.1.15,PASS,
  optomechanical engineer  ,2144.1.15,2144.1.15,PASS,
optomechanical egnineer,2144.1.15,2144.1.15,PASS,
optomechabical engineer,2144.1.15,2144.1.15,PASS,
optical technician,3254.1.1,3254.1.1,PASS,
Optical Technician,3254.1.1,3254.1.1,PASS,
optical technician,3254.1.1,3254.1.1,PASS,
optical technichan,3254.1.1,3254.1.1,PASS,
Optical Technician,3254.1.1,3254.1.1,PASS,
blockchain architect,2511.14.1,2511.14.1,PASS,
Blockchain Architect,2511.14.1,2511.14.1,PASS,
  blockchain architect  ,2511.14.1,2511.14.1,PASS,
blockchain arhcitect,2511.14.1,2511.14.1,PASS,
Blockchain Architect,2511.14.1,2511.14.1,PASS,
digital forensics expert,2529.2,2529.2,PASS,
Digital Forensics Expert,2529.2,2529.2,PASS,
diigtal forensics expert,2529.2,2529.2,PASS,
digital forensics expetr,2529.2,2529.2,PASS,
DIGITAL FORENSICS EXPERT,2529.2,2529.2,PASS,
wastewater treatment operator,3132.4,3132.4,PASS,
Wastewater Treatment Operator,3132.4,3132.4,PASS,
wastewater treatment operaor,3132.4,3132.4,PASS,
wasewater treatment operator,3132.4,3132.4,PASS,
Wastewater Treatment Operator,3132.4,3132.4,PASS,
data protection officer,2619.4,2619.4,PASS,
Data Protection Officer,2619.4,2619.4,PASS,
data pprotection officer,2619.4,2619.4,PASS,
data protection offcer,2619.4,2619.4,PASS,
data protection officer,2619.4,2619.4,PASS,
assistant stage director,3435.1,3435.1,PASS,
Assistant Stage Director,3435.1,3435.1,PASS,
assistant stage director,3435.1,3435.1,PASS,
  assistant stage director  ,3435.1,3435.1,PASS,
assisant stage director,3435.1,3435.1,PASS,
medical device engineering technician,3114.1.5,3114.1.5,PASS,
Medical Device Engineering Technician,3114.1.5,3114.1.5,PASS,
  medical device engineering technician  ,3114.1.5,3114.1.5,PASS,
MEDICAL DEVICE ENGINEERING TECHNICIAN,3114.1.5,3114.1.5,PASS,
meidcal device engineering technician,3114.1.5,3114.1.5,PASS,
marine firefighter,5411.1.2,5411.1.2,PASS,
Marine Firefighter,5411.1.2,5411.1.2,PASS,
maarine firefighter,5411.1.2,5411.1.2,PASS,
marine firefighter,5411.1.2,5411.1.2,PASS,
marin efirefighter,5411.1.2,5411.1.2,PASS,
precision mechanic,7222.4,7222.4,PASS,
Precision Mechanic,7222.4,7222.4,PASS,
Precision Mechanic,7222.4,7222.4,PASS,
precision meqhanic,7222.4,7222.4,PASS,
precxsion mechanic,7222.4,7222.4,PASS,
chief ICT security officer,2529.1,,404_UNEXPECTED,
Chief Ict Security Officer,2529.1,,404_UNEXPECTED,
Chief Ict Security Officer,2529.1,,404_UNEXPECTED,
chief ict security officer,2529.1,,404_UNEXPECTED,
chief ICT securtiy officer,2529.1,,404_UNEXPECTED,
fibreglass machine operator,8142.5,8142.5,PASS,
Fibreglass Machine Operator,8142.5,8142.5,PASS,
firbeglass machine operator,8142.5,8142.5,PASS,
  fibreglass machine operator  ,8142.5,8142.5,PASS,
FIBREGLASS MACHINE OPERATOR,8142.5,8142.5,PASS,
cloud engineer,2512.1,2512.1,PASS,
Cloud Engineer,2512.1,2512.1,PASS,
cloud enigneer,2512.1,2512.1,PASS,
  cloud engineer  ,2512.1,2512.1,PASS,
cloud enginneer,2512.1,2512.1,PASS,
physics teacher secondary school,2330.1.16,2330.1.16,PASS,
Physics Teacher Secondary School,2330.1.16,2330.1.16,PASS,
phyics teacher secondary school,2330.1.16,2330.1.16,PASS,
physics teacheer secondary school,2330.1.16,2330.1.16,PASS,
PHYSICS TEACHER SECONDARY SCHOOL,2330.1.16,2330.1.16,PASS,
enterprise development worker,2635.3.12,2635.3.12,PASS,
Enterprise Development Worker,2635.3.12,2635.3.12,PASS,
entezprise development worker,2635.3.12,2635.3.12,PASS,
enterprise development worker,2635.3.12,2635.3.12,PASS,
ENTERPRISE DEVELOPMENT WORKER,2635.3.12,2635.3.12,PASS,
higher education lecturer,2310.1,2310.1,PASS,
Higher Education Lecturer,2310.1,2310.1,PASS,
HIGHER EDUCATION LECTURER,2310.1,2310.1,PASS,
higher educationn lecturer,2310.1,2310.1,PASS,
higher educatin lecturer,2310.1,2310.1,PASS,
road operations manager,1324.3.1.4,1324.3.1.4,PASS,
Road Operations Manager,1324.3.1.4,1324.3.1.4,PASS,
road operations manager,1324.3.1.4,1324.3.1.4,PASS,
  road operations manager  ,1324.3.1.4,1324.3.1.4,PASS,
road operationx manager,1324.3.1.4,1324.3.1.4,PASS,
communication scientist,2632.1.1,2632.1.1,PASS,
Communication Scientist,2632.1.1,2632.1.1,PASS,
communication scientist,2632.1.1,2632.1.1,PASS,
COMMUNICATION SCIENTIST,2632.1.1,2632.1.1,PASS,
Communication Scientist,2632.1.1,2632.1.1,PASS,
ski instructor,3422.4.4,3422.4.4,PASS,
Ski Instructor,3422.4.4,3422.4.4,PASS,
sk iinstructor,3422.4.4,3422.4.4,PASS,
ski  instructor,3422.4.4,3422.4.4,PASS,
ski instructor,3422.4.4,3422.4.4,PASS,
ergonomist,2263.3.1,2263.3.1,PASS,
Ergonomist,2263.3.1,2263.3.1,PASS,
ERGONOMIST,2263.3.1,2263.3.1,PASS,
  ergonomist  ,2263.3.1,2263.3.1,PASS,
ergonomiist,2263.3.1,2263.3.1,PASS,
agricultural technician,3142.1,3142.1,PASS,
Agricultural Technician,3142.1,3142.1,PASS,
  agricultural technician  ,3142.1,3142.1,PASS,
agricultural  technician,3142.1,3142.1,PASS,
agricultural techniican,3142.1,3142.1,PASS,
bricklayer,7112.1,7112.1,PASS,
Bricklayer,7112.1,7112.1,PASS,
briklayer,7112.1,7112.1,PASS,
bricdlayer,7112.1,7112.1,PASS,
Bricklayer,7112.1,7112.1,PASS,
import export manager in agricultural machinery and equipment,1324.3.2.1,1324.3.2.1,PASS,
Import Export Manager In Agricultural Machinery And Equipment,1324.3.2.1,1324.3.2.1,PASS,
  import export manager in agricultural machinery and equipment  ,1324.3.2.1,1324.3.2.1,PASS,
import export manager in agricultural machinery and quipment,1324.3.2.1,1324.3.2.1,PASS,
Import Export Manager In Agricultural Machinery And Equipment,1324.3.2.1,1324.3.2.1,PASS,
bicycle shop manager,1420.4.7,1420.4.7,PASS,
Bicycle Shop Manager,1420.4.7,1420.4.7,PASS,
  bicycle shop manager  ,1420.4.7,1420.4.7,PASS,
bicycle shop manager,1420.4.7,1420.4.7,PASS,
bicycl eshop manager,1420.4.7,1420.4.7,PASS,
scopist,3343.5,3343.5,PASS,
Scopist,3343.5,3343.5,PASS,
scoppist,3343.5,3343.5,PASS,
scopit,3343.5,3343.5,PASS,
Scopist,3343.5,3343.5,PASS,
flour purifier operator,8160.33,8160.33,PASS,
Flour Purifier Operator,8160.33,8160.33,PASS,
flour purifie operator,8160.33,8160.33,PASS,
floer purifier operator,8160.33,8160.33,PASS,
  flour purifier operator  ,8160.33,8160.33,PASS,
recreation policy officer,2422.12.13,2422.12.13,PASS,
Recreation Policy Officer,2422.12.13,2422.12.13,PASS,
  recreation policy officer  ,2422.12.13,2422.12.13,PASS,
recreation policy officer,2422.12.13,2422.12.13,PASS,
recreation poliky officer,2422.12.13,2422.12.13,PASS,
barber,5141.1.1,5141.1.1,PASS,
Barber,5141.1.1,5141.1.1,PASS,
Barber,5141.1.1,5141.1.1,PASS,
braber,5141.1.1,,404_UNEXPECTED,
BARBER,5141.1.1,5141.1.1,PASS,
environmental scientist,2133.7,2133.7,PASS,
Environmental Scientist,2133.7,2133.7,PASS,
environmental icientist,2133.7,2133.7,PASS,
environmental scintist,2133.7,2133.7,PASS,
  environmental scientist  ,2133.7,2133.7,PASS,
brazier,7212.1,7212.1,PASS,
Brazier,7212.1,7212.1,PASS,
BRAZIER,7212.1,7212.1,PASS,
bjazier,7212.1,,404_UNEXPECTED,
brazivr,7212.1,,404_UNEXPECTED,
drain technician,7126.2,7126.2,PASS,
Drain Technician,7126.2,7126.2,PASS,
Drain Technician,7126.2,7126.2,PASS,
drrain technician,7126.2,7126.2,PASS,
  drain technician  ,7126.2,7126.2,PASS,
import export manager in electronic and telecommunications equipment and parts,1324.3.2.11,1324.3.2.11,PASS,
Import Export Manager In Electronic And Telecommunications Equipment And Parts,1324.3.2.11,1324.3.2.11,PASS,
IMPORT EXPORT MANAGER IN ELECTRONIC AND TELECOMMUNICATIONS EQUIPMENT AND PARTS,1324.3.2.11,1324.3.2.11,PASS,
import export manager in electronic andd telecommunications equipment and parts,1324.3.2.11,1324.3.2.11,PASS,
import export manaer in electronic and telecommunications equipment and parts,1324.3.2.11,1324.3.2.11,PASS,
political scientist,2633.3,2633.3,PASS,
Political Scientist,2633.3,2633.3,PASS,
  political scientist  ,2633.3,2633.3,PASS,
polittical scientist,2633.3,2633.3,PASS,
political scientsit,2633.3,2633.3,PASS,
non-destructive testing specialist,7543.5,7543.5,PASS,
Non-Destructive Testing Specialist,7543.5,7543.5,PASS,
Non-Destructive Testing Specialist,7543.5,7543.5,PASS,
  non-destructive testing specialist  ,7543.5,7543.5,PASS,
non-deestructive testing specialist,7543.5,7543.5,PASS,
import export manager in household goods,1324.3.2.18,1324.3.2.18,PASS,
Import Export Manager In Household Goods,1324.3.2.18,1324.3.2.18,PASS,
import export manageri n household goods,1324.3.2.18,1324.3.2.18,PASS,
import export manager in household goods,1324.3.2.18,1324.3.2.18,PASS,
  import export manager in household goods  ,1324.3.2.18,1324.3.2.18,PASS,
"import export specialist in agricultural raw materials, seeds and animal feeds",3331.2.1.2,3331.2.1.2,PASS,
"Import Export Specialist In Agricultural Raw Materials, Seeds And Animal Feeds",3331.2.1.2,3331.2.1.2,PASS,
"Import Export Specialist In Agricultural Raw Materials, Seeds And Animal Feeds",3331.2.1.2,3331.2.1.2,PASS,
"import export specialist in agricultural raw materials, seeds and animal feeds",3331.2.1.2,3331.2.1.2,PASS,
"import export specialist in agricultural raw materials, sees and animal feeds",3331.2.1.2,3331.2.1.2,PASS,
rolling stock electrician,7412.11,7412.11,PASS,
Rolling Stock Electrician,7412.11,7412.11,PASS,
ROLLING STOCK ELECTRICIAN,7412.11,7412.11,PASS,
rolling stock electrician,7412.11,7412.11,PASS,
rollling stock electrician,7412.11,7412.11,PASS,
ground steward/ground stewardess,4221.1,4221.1,PASS,
Ground Steward/Ground Stewardess,4221.1,4221.1,PASS,
  ground steward/ground stewardess  ,4221.1,4221.1,PASS,
ground stteward/ground stewardess,4221.1,4221.1,PASS,
GROUND STEWARD/GROUND STEWARDESS,4221.1,4221.1,PASS,
composer,2652.1,2652.1,PASS,
Composer,2652.1,2652.1,PASS,
  composer  ,2652.1,2652.1,PASS,
COMPOSER,2652.1,2652.1,PASS,
compoesr,2652.1,,404_UNEXPECTED,
medical device engineer,2152.1.5,2152.1.5,PASS,
Medical Device Engineer,2152.1.5,2152.1.5,PASS,
medical device engineeer,2152.1.5,2152.1.5,PASS,
  medical device engineer  ,2152.1.5,2152.1.5,PASS,
medical device engineer,2152.1.5,2152.1.5,PASS,
financial manager,1211.1,1211.1,PASS,
Financial Manager,1211.1,1211.1,PASS,
Financial Manager,1211.1,1211.1,PASS,
financial manager,1211.1,1211.1,PASS,
financial anager,1211.1,1211.1,PASS,
wholesale merchant in agricultural machinery and equipment,3324.4.1,3324.4.1,PASS,
Wholesale Merchant In Agricultural Machinery And Equipment,3324.4.1,3324.4.1,PASS,
  wholesale merchant in agricultural machinery and equipment  ,3324.4.1,3324.4.1,PASS,
wholesale merchant in agricultural machinerysand equipment,3324.4.1,3324.4.1,PASS,
wholesale merchant in agricultural machinery and equipment,3324.4.1,3324.4.1,PASS,
wastewater engineer,2143.3,2143.3,PASS,
Wastewater Engineer,2143.3,2143.3,PASS,
  wastewater engineer  ,2143.3,2143.3,PASS,
wastewater eengineer,2143.3,2143.3,PASS,
wastewaterzengineer,2143.3,2143.3,PASS,
costume designer,2163.1.2,2163.1.2,PASS,
Costume Designer,2163.1.2,2163.1.2,PASS,
costum edesigner,2163.1.2,2163.1.2,PASS,
COSTUME DESIGNER,2163.1.2,2163.1.2,PASS,
costuem designer,2163.1.2,2163.1.2,PASS,
structural ironworker,7214.3,7214.3,PASS,
Structural Ironworker,7214.3,7214.3,PASS,
  structural ironworker  ,7214.3,7214.3,PASS,
structural ironworker,7214.3,7214.3,PASS,
Structural Ironworker,7214.3,7214.3,PASS,
religion scientific researcher,2636.4,2636.4,PASS,
Religion Scientific Researcher,2636.4,2636.4,PASS,
religion scientsfic researcher,2636.4,2636.4,PASS,
RELIGION SCIENTIFIC RESEARCHER,2636.4,2636.4,PASS,
Religion Scientific Researcher,2636.4,2636.4,PASS,
embedded systems security engineer,2529.3,2529.3,PASS,
Embedded Systems Security Engineer,2529.3,2529.3,PASS,
embedded sbstems security engineer,2529.3,2529.3,PASS,
embedded systems secuity engineer,2529.3,2529.3,PASS,
Embedded Systems Security Engineer,2529.3,2529.3,PASS,
toilet attendant,9112.5,9112.5,PASS,
Toilet Attendant,9112.5,9112.5,PASS,
toilet attenddant,9112.5,9112.5,PASS,
tilet attendant,9112.5,9112.5,PASS,
toilet attendant,9112.5,9112.5,PASS,
stone planer,8112.4,8112.4,PASS,
Stone Planer,8112.4,8112.4,PASS,
stone laner,8112.4,8112.4,PASS,
Stone Planer,8112.4,8112.4,PASS,
  stone planer  ,8112.4,8112.4,PASS,
video technician,3521.1.11,3521.1.11,PASS,
Video Technician,3521.1.11,3521.1.11,PASS,
  video technician  ,3521.1.11,3521.1.11,PASS,
video technician,3521.1.11,3521.1.11,PASS,
video techniician,3521.1.11,3521.1.11,PASS,
book editor,2641.1,2641.1,PASS,
Book Editor,2641.1,2641.1,PASS,
BOOK EDITOR,2641.1,2641.1,PASS,
book editro,2641.1,2641.1,PASS,
  book editor  ,2641.1,2641.1,PASS,
office equipment repair technician,7421.5,7421.5,PASS,
Office Equipment Repair Technician,7421.5,7421.5,PASS,
OFFICE EQUIPMENT REPAIR TECHNICIAN,7421.5,7421.5,PASS,
office equipment repaair technician,7421.5,7421.5,PASS,
office equpiment repair technician,7421.5,7421.5,PASS,
politics lecturer,2310.1.34,2310.1.34,PASS,
Politics Lecturer,2310.1.34,2310.1.34,PASS,
Politics Lecturer,2310.1.34,2310.1.34,PASS,
polttics lecturer,2310.1.34,2310.1.34,PASS,
politics lecturer,2310.1.34,2310.1.34,PASS,
liquor grinding mill operator,8160.42,8160.42,PASS,
Liquor Grinding Mill Operator,8160.42,8160.42,PASS,
liquor grinding mill operatoor,8160.42,8160.42,PASS,
  liquor grinding mill operator  ,8160.42,8160.42,PASS,
liquor grinding mill operator,8160.42,8160.42,PASS,
public finance accountant,2411.1.11,2411.1.11,PASS,
Public Finance Accountant,2411.1.11,2411.1.11,PASS,
  public finance accountant  ,2411.1.11,2411.1.11,PASS,
public finanec accountant,2411.1.11,2411.1.11,PASS,
Public Finance Accountant,2411.1.11,2411.1.11,PASS,
soil scientist,2133.11,2133.11,PASS,
Soil Scientist,2133.11,2133.11,PASS,
soi scientist,2133.11,2133.11,PASS,
Soil Scientist,2133.11,2133.11,PASS,
  soil scientist  ,2133.11,2133.11,PASS,
cybersecurity risk manager,2529.8,2529.8,PASS,
Cybersecurity Risk Manager,2529.8,2529.8,PASS,
cybersecurtiy risk manager,2529.8,2529.8,PASS,
cybersecurity ris kmanager,2529.8,2529.8,PASS,
  cybersecurity risk manager  ,2529.8,2529.8,PASS,
refurbishing technician,7231.4,7231.4,PASS,
Refurbishing Technician,7231.4,7231.4,PASS,
refurbishing techniciian,7231.4,7231.4,PASS,
REFURBISHING TECHNICIAN,7231.4,7231.4,PASS,
refurbishing technican,7231.4,7231.4,PASS,
test engineer,2149.16,2149.16,PASS,
Test Engineer,2149.16,2149.16,PASS,
  test engineer  ,2149.16,2149.16,PASS,
test enginer,2149.16,2149.16,PASS,
Test Engineer,2149.16,2149.16,PASS,
performance hairdresser,5141.1.4,5141.1.4,PASS,
Performance Hairdresser,5141.1.4,5141.1.4,PASS,
  performance hairdresser  ,5141.1.4,5141.1.4,PASS,
PERFORMANCE HAIRDRESSER,5141.1.4,5141.1.4,PASS,
performarce hairdresser,5141.1.4,5141.1.4,PASS,
desalination technician,3117.1,3117.1,PASS,
Desalination Technician,3117.1,3117.1,PASS,
DESALINATION TECHNICIAN,3117.1,3117.1,PASS,
desalination teyhnician,3117.1,3117.1,PASS,
desalinltion technician,3117.1,3117.1,PASS,
construction scaffolder,7119.1,7119.1,PASS,
Construction Scaffolder,7119.1,7119.1,PASS,
construction sscaffolder,7119.1,7119.1,PASS,
construction scaffolder,7119.1,7119.1,PASS,
constrgction scaffolder,7119.1,7119.1,PASS,
verger,5153.1.3,5153.1.3,PASS,
Verger,5153.1.3,5153.1.3,PASS,
veregr,5153.1.3,,404_UNEXPECTED,
  verger  ,5153.1.3,5153.1.3,PASS,
vergre,5153.1.3,,404_UNEXPECTED,
computer numerical control machine operator,7223.4,7223.4,PASS,
Computer Numerical Control Machine Operator,7223.4,7223.4,PASS,
COMPUTER NUMERICAL CONTROL MACHINE OPERATOR,7223.4,7223.4,PASS,
Computer Numerical Control Machine Operator,7223.4,7223.4,PASS,
  computer numerical control machine operator  ,7223.4,7223.4,PASS,
corrosion technician,3112.4,3112.4,PASS,
Corrosion Technician,3112.4,3112.4,PASS,
corrosion technician,3112.4,3112.4,PASS,
CORROSION TECHNICIAN,3112.4,3112.4,PASS,
  corrosion technician  ,3112.4,3112.4,PASS,
architecture lecturer,2310.1.3,2310.1.3,PASS,
Architecture Lecturer,2310.1.3,2310.1.3,PASS,
arclitecture lecturer,2310.1.3,2310.1.3,PASS,
achitecture lecturer,2310.1.3,2310.1.3,PASS,
  architecture lecturer  ,2310.1.3,2310.1.3,PASS,
land-based machinery supervisor,8341.3,8341.3,PASS,
Land-Based Machinery Supervisor,8341.3,8341.3,PASS,
  land-based machinery supervisor  ,8341.3,8341.3,PASS,
land-based machinery supervisor,8341.3,8341.3,PASS,
land--based machinery supervisor,8341.3,8341.3,PASS,
animal welfare inspector,5419.9,5419.9,PASS,
Animal Welfare Inspector,5419.9,5419.9,PASS,
animal welafre inspector,5419.9,5419.9,PASS,
animay welfare inspector,5419.9,5419.9,PASS,
Animal Welfare Inspector,5419.9,5419.9,PASS,
diplomat,1112.3,1112.3,PASS,
Diplomat,1112.3,1112.3,PASS,
dilomat,1112.3,1112.3,PASS,
dipolmat,1112.3,,404_UNEXPECTED,
Diplomat,1112.3,1112.3,PASS,
standalone public buyer,3323.4,3323.4,PASS,
Standalone Public Buyer,3323.4,3323.4,PASS,
stanyalone public buyer,3323.4,3323.4,PASS,
  standalone public buyer  ,3323.4,3323.4,PASS,
standalonne public buyer,3323.4,3323.4,PASS,
book restorer,7323.3,7323.3,PASS,
Book Restorer,7323.3,7323.3,PASS,
bookr estorer,7323.3,7323.3,PASS,
book restorzr,7323.3,7323.3,PASS,
bodk restorer,7323.3,7323.3,PASS,
aircraft engine inspector,3115.1.2,3115.1.2,PASS,
Aircraft Engine Inspector,3115.1.2,3115.1.2,PASS,
Aircraft Engine Inspector,3115.1.2,3115.1.2,PASS,
aircraft engine inspector,3115.1.2,3115.1.2,PASS,
aircraft engine inspetcor,3115.1.2,3115.1.2,PASS,
steward/stewardess,5111.2,5111.2,PASS,
Steward/Stewardess,5111.2,5111.2,PASS,
steward/stewardess,5111.2,5111.2,PASS,
steward/sstewardess,5111.2,5111.2,PASS,
  steward/stewardess  ,5111.2,5111.2,PASS,
assessor of prior learning,2359.4,2359.4,PASS,
Assessor Of Prior Learning,2359.4,2359.4,PASS,
assessor of piror learning,2359.4,2359.4,PASS,
assessor of prior learning,2359.4,2359.4,PASS,
  assessor of prior learning  ,2359.4,2359.4,PASS,
head of workshop,3435.10,3435.10,PASS,
Head Of Workshop,3435.10,3435.10,PASS,
HEAD OF WORKSHOP,3435.10,3435.10,PASS,
huad of workshop,3435.10,3435.10,PASS,
Head Of Workshop,3435.10,3435.10,PASS,
case administrator,3411.1,3411.1,PASS,
Case Administrator,3411.1,3411.1,PASS,
case aadministrator,3411.1,3411.1,PASS,
caseadministrator,3411.1,3411.1,PASS,
case adminisrtator,3411.1,3411.1,PASS,
cider fermentation operator,8160.17,8160.17,PASS,
Cider Fermentation Operator,8160.17,8160.17,PASS,
cider fermenattion operator,8160.17,8160.17,PASS,
Cider Fermentation Operator,8160.17,8160.17,PASS,
  cider fermentation operator  ,8160.17,8160.17,PASS,
forestry technician,3143.1,3143.1,PASS,
Forestry Technician,3143.1,3143.1,PASS,
FORESTRY TECHNICIAN,3143.1,3143.1,PASS,
Forestry Technician,3143.1,3143.1,PASS,
forestry technicuan,3143.1,3143.1,PASS,
ICT system analyst,2511.13,,404_UNEXPECTED,
Ict System Analyst,2511.13,,404_UNEXPECTED,
ICT SYSTEM ANALYST,2511.13,,404_UNEXPECTED,
  ICT system analyst  ,2511.13,,404_UNEXPECTED,
ict system analyst,2511.13,,404_UNEXPECTED,
bespoke footwear technician,7536.2.1,7536.2.1,PASS,
Bespoke Footwear Technician,7536.2.1,7536.2.1,PASS,
besspoke footwear technician,7536.2.1,7536.2.1,PASS,
bespoke footwear tpchnician,7536.2.1,7536.2.1,PASS,
bespoke footwear technician,7536.2.1,7536.2.1,PASS,
sewer construction supervisor,3123.1.22,3123.1.22,PASS,
Sewer Construction Supervisor,3123.1.22,3123.1.22,PASS,
Sewer Construction Supervisor,3123.1.22,3123.1.22,PASS,
sewer construction sueprvisor,3123.1.22,3123.1.22,PASS,
SEWER CONSTRUCTION SUPERVISOR,3123.1.22,3123.1.22,PASS,
